bet_id,status,created_at_utc,updated_at_utc,game,commence_time,player,market,side,line,book,bet_price,stake_units,signal,projection,model_probability,market_probability,model_edge,ev_per_unit,live_qi,alt_line_score,markov_path,book_market_reliability,portfolio_selection,open_line,open_price,latest_line,latest_price,close_line,close_price,clv_price_decimal,clv_implied_points,line_clv,clv_status,actual,result,flat_profit,stake_profit
matthew_kennedy_disposals_over_21_5_sportsbet_2026_05_24T05_15_50Z,SETTLED,2026-05-25T02:27:29+00:00,2026-05-30T08:05:33+00:00,Western Bulldogs v Melbourne Demons,2026-05-24T05:15:50Z,Matthew Kennedy,Disposals,Over,21.5,SportsBet,1.82,1.0,A_BET,25.0,0.7377302817823435,0.5120643431635389,0.22566593861880457,0.34266911284386503,93.5,0.26259,Strong -> Dominant -> Mispriced -> Elite,0.99,PORTFOLIO_BET,21.5,1.82,23.5,1.89,21.5,1.82,0,0,0,FLAT_CLOSE,23,WIN,0.82,0.82
kade_chandler_goals_over_0_5_pointsbetau_2026_05_24T05_15_50Z,SETTLED,2026-05-25T02:27:29+00:00,2026-05-31T03:12:13+00:00,Western Bulldogs v Melbourne Demons,2026-05-24T05:15:50Z,Kade Chandler,Goals,Over,0.5,PointsBet (AU),1.67,0.5,A_BET,1.2,0.7948965006538703,0.5988023952095809,0.1960941054442894,0.3274771560919634,95.0,0.19758,Strong -> Dominant -> Mispriced -> Elite,0.92,PORTFOLIO_BET,0.5,1.67,3.5,41.0,0.5,1.67,0,0,0,FLAT_CLOSE,1,WIN,0.67,0.335
bayley_fritsch_goals_over_1_pointsbetau_2026_05_24T05_15_50Z,SETTLED,2026-05-25T02:27:29+00:00,2026-05-31T01:14:56+00:00,Western Bulldogs v Melbourne Demons,2026-05-24T05:15:50Z,Bayley Fritsch,Goals,Over,1.0,PointsBet (AU),1.74,0.25,A_BET,1.556,0.7434819935165856,0.5747126436781609,0.16876934983842473,0.29365866871885893,89.4,0.15858,Strong -> Dominant -> Mispriced -> High,0.92,PORTFOLIO_BET,1.0,1.74,0.5,1.31,1.0,1.74,0,0,0,FLAT_CLOSE,0,LOSS,-1,-0.25
marcus_bontempelli_goals_over_0_5_sportsbet_2026_05_24T05_15_50Z,SETTLED,2026-05-25T02:27:29+00:00,2026-06-01T06:26:13+00:00,Western Bulldogs v Melbourne Demons,2026-05-24T05:15:50Z,Marcus Bontempelli,Goals,Over,0.5,SportsBet,1.4,0.5,A_BET,1.4,0.8551599221326569,0.7142857142857143,0.1408742078469426,0.19722389098571957,91.1,0.13102,Strong -> Dominant -> Good -> Elite,1.0,PORTFOLIO_BET,0.5,1.4,4.5,81.0,4.5,41.0,-39.6,-68.99,4,MISSED_CLOSE,2,WIN,0.4,0.2
tom_sparrow_tackles_over_5_5_tab_2026_05_24T05_15_50Z,SETTLED,2026-05-25T02:27:29+00:00,2026-05-31T03:12:13+00:00,Western Bulldogs v Melbourne Demons,2026-05-24T05:15:50Z,Tom Sparrow,Tackles,Over,5.5,TAB,2.05,0.4,B_BET,6.4,0.6658824291023753,0.48780487804878053,0.17807755105359474,0.3650589796598691,87.8,0.22606,Lean -> Dominant -> Mispriced -> High,1.04,PORTFOLIO_BET,5.5,2.05,9.5,8.0,5.5,2.05,0,0,0,FLAT_CLOSE,6,WIN,1.05,0.42
jack_steele_tackles_over_5_5_tabtouch_2026_05_24T05_15_50Z,SETTLED,2026-05-25T02:27:29+00:00,2026-05-25T02:27:29+00:00,Western Bulldogs v Melbourne Demons,2026-05-24T05:15:50Z,Jack Steele,Tackles,Over,5.5,TABtouch,2.0,0.4,B_BET,6.4,0.6658824291023753,0.5,0.16588242910237527,0.33176485820475055,86.6,0.20264,Lean -> Dominant -> Mispriced -> High,1.04,PORTFOLIO_BET,5.5,2.0,5.5,2.0,5.5,2.0,0,0,0,FLAT_CLOSE,10,WIN,1.0,0.4
bailey_dale_disposals_under_27_5_sportsbet_2026_05_24T05_15_50Z,SETTLED,2026-05-25T02:27:29+00:00,2026-06-01T06:26:13+00:00,Western Bulldogs v Melbourne Demons,2026-05-24T05:15:50Z,Bailey Dale,Disposals,Under,27.5,SportsBet,1.89,0.5,B_BET,25.2,0.6620929059323023,0.4932975871313674,0.1687953188009349,0.2513555922120514,88.9,0.16887,Lean -> Dominant -> Mispriced -> High,0.99,PORTFOLIO_BET,27.5,1.89,26.5,1.89,27.5,1.89,0,0,0,FLAT_CLOSE,31,LOSS,-1,-0.5
ed_langdon_disposals_under_21_5_pointsbetau_2026_05_24T05_15_50Z,SETTLED,2026-05-25T02:27:29+00:00,2026-05-31T03:12:13+00:00,Western Bulldogs v Melbourne Demons,2026-05-24T05:15:50Z,Ed Langdon,Disposals,Under,21.5,PointsBet (AU),1.87,0.5,B_BET,19.5,0.6419352155722173,0.5,0.14193521557221733,0.20041885312004637,83.2,0.12188,Lean -> Positive -> Good -> High,0.98,PORTFOLIO_BET,21.5,1.87,21.5,1.87,21.5,1.87,0,0,0,FLAT_CLOSE,22,LOSS,-1,-0.5
arthur_jones_disposals_under_14_5_sportsbet_2026_05_24T05_15_50Z,SETTLED,2026-05-25T02:27:29+00:00,2026-05-30T08:05:33+00:00,Western Bulldogs v Melbourne Demons,2026-05-24T05:15:50Z,Arthur Jones,Disposals,Under,14.5,SportsBet,1.88,0.5,B_BET,12.6,0.6351236616382592,0.4959785522788205,0.1391451093594387,0.19403248387992722,81.4,0.11569,Lean -> Positive -> Good -> High,0.99,PORTFOLIO_BET,14.5,1.88,12.5,1.84,14.5,1.88,0,0,0,FLAT_CLOSE,12,WIN,0.88,0.44
joel_freijah_disposals_over_18_5_neds_2026_05_24T05_15_50Z,SETTLED,2026-05-25T02:27:29+00:00,2026-05-25T02:27:29+00:00,Western Bulldogs v Melbourne Demons,2026-05-24T05:15:50Z,Joel Freijah,Disposals,Over,18.5,Neds,1.87,0.5,B_BET,20.2,0.6213738128358821,0.5,0.12137381283588211,0.1619690300030996,84.1,0.10014,Lean -> Positive -> Good -> High,1.01,PORTFOLIO_BET,18.5,1.87,18.5,1.87,18.5,1.87,0,0,0,FLAT_CLOSE,18,LOSS,-1,-0.5
jack_gunston_goals_over_2_5_unibet_2026_05_28T09_30_00Z,SETTLED,2026-05-27T13:05:02+00:00,2026-05-30T08:10:16+00:00,St Kilda Saints v Hawthorn Hawks,2026-05-28T09:30:00Z,Jack Gunston,Goals,Over,2.5,Unibet,1.79,0.5,A_BET,3.75,0.9292987462566935,0.5586592178770949,0.37063952837959857,0.6634447557994814,95.0,0.48917,Strong -> Dominant -> Mispriced -> Elite,1.0,PORTFOLIO_BET,2.5,1.79,2.5,1.79,,,0,0,0,FLAT_CLOSE,5,WIN,0.79,0.395
isaac_keeler_goals_over_0_5_pointsbetau_2026_05_28T09_30_00Z,SETTLED,2026-05-27T13:05:02+00:00,2026-05-30T08:10:16+00:00,St Kilda Saints v Hawthorn Hawks,2026-05-28T09:30:00Z,Isaac Keeler,Goals,Over,0.5,PointsBet (AU),2.1,0.5,A_BET,1.0,0.7218128147865466,0.47619047619047616,0.2456223385960704,0.5158069110517478,95.0,0.28949,Strong -> Dominant -> Mispriced -> Elite,0.92,PORTFOLIO_BET,0.5,2.1,0.5,1.9,0.5,1.9,0.2,5.013,0,BEAT_CLOSE,0,LOSS,-1,-0.5
karl_amon_disposals_under_26_5_pointsbetau_2026_05_28T09_30_00Z,SETTLED,2026-05-27T13:05:02+00:00,2026-05-30T08:10:16+00:00,St Kilda Saints v Hawthorn Hawks,2026-05-28T09:30:00Z,Karl Amon,Disposals,Under,26.5,PointsBet (AU),1.87,1.0,A_BET,23.3,0.719655422073953,0.5,0.21965542207395305,0.34575563927829234,93.5,0.25744,Strong -> Dominant -> Mispriced -> Elite,0.98,PORTFOLIO_BET,26.5,1.87,26.5,1.87,26.5,1.87,0,0,0,FLAT_CLOSE,24,WIN,0.87,0.87
nick_watson_goals_over_1_5_unibet_2026_05_28T09_30_00Z,SETTLED,2026-05-27T13:05:02+00:00,2026-05-30T08:10:16+00:00,St Kilda Saints v Hawthorn Hawks,2026-05-28T09:30:00Z,Nick Watson,Goals,Over,1.5,Unibet,1.38,0.5,A_BET,2.545,0.8905412692455598,0.7246376811594204,0.16590358808613936,0.22894695155887246,93.6,0.16109,Strong -> Dominant -> Good -> Elite,1.0,PORTFOLIO_BET,1.5,1.38,1.5,1.38,,,0,0,0,FLAT_CLOSE,2,WIN,0.38,0.19
bradley_hill_disposals_over_19_5_pointsbetau_2026_05_28T09_30_00Z,SETTLED,2026-05-27T13:05:02+00:00,2026-06-01T06:26:13+00:00,St Kilda Saints v Hawthorn Hawks,2026-05-28T09:30:00Z,Bradley Hill,Disposals,Over,19.5,PointsBet (AU),1.87,0.5,B_BET,22.0,0.6752818581366227,0.5,0.17528185813662267,0.2627770747154845,86.5,0.17257,Lean -> Dominant -> Mispriced -> High,0.98,PORTFOLIO_BET,19.5,1.87,20.5,1.87,19.5,1.95,-0.08,-2.194,0,MISSED_CLOSE,30,WIN,0.87,0.435
max_hall_disposals_under_21_5_sportsbet_2026_05_28T09_30_00Z,SETTLED,2026-05-27T13:05:02+00:00,2026-06-01T06:26:13+00:00,St Kilda Saints v Hawthorn Hawks,2026-05-28T09:30:00Z,Max Hall,Disposals,Under,21.5,SportsBet,1.9,0.5,B_BET,19.273,0.6572278321175637,0.49061662198391415,0.1666112101336496,0.2487328810233711,84.2,0.1574,Lean -> Dominant -> Good -> High,0.99,PORTFOLIO_BET,21.5,1.9,22.5,1.87,21.5,1.89,0.01,0.278,0,BEAT_CLOSE,26,LOSS,-1,-0.5
cam_mackenzie_tackles_over_3_5_pointsbetau_2026_05_28T09_30_00Z,SETTLED,2026-05-27T13:05:02+00:00,2026-05-30T08:10:16+00:00,St Kilda Saints v Hawthorn Hawks,2026-05-28T09:30:00Z,Cam Mackenzie,Tackles,Over,3.5,PointsBet (AU),2.1,0.4,B_BET,4.111,0.6144561304315169,0.47619047619047616,0.13826565424104076,0.2903578739061856,83.8,0.15536,Lean -> Positive -> Mispriced -> High,1.0,PORTFOLIO_BET,3.5,2.1,3.5,2.1,3.5,2.1,0,0,0,FLAT_CLOSE,6,WIN,1.1,0.44
marcus_windhager_disposals_over_20_5_pointsbetau_2026_05_28T09_30_00Z,SETTLED,2026-05-27T13:05:02+00:00,2026-06-01T06:26:13+00:00,St Kilda Saints v Hawthorn Hawks,2026-05-28T09:30:00Z,Marcus Windhager,Disposals,Over,20.5,PointsBet (AU),1.87,0.5,B_BET,22.455,0.6388754540815305,0.5,0.13887545408153046,0.19469709913246191,82.9,0.11755,Lean -> Positive -> Good -> High,0.98,PORTFOLIO_BET,20.5,1.87,19.5,1.87,,,0,0,-1,FLAT_CLOSE,16,LOSS,-1,-0.5
connor_macdonald_disposals_over_18_5_pointsbetau_2026_05_28T09_30_00Z,SETTLED,2026-05-27T13:05:02+00:00,2026-06-01T06:26:13+00:00,St Kilda Saints v Hawthorn Hawks,2026-05-28T09:30:00Z,Connor Macdonald,Disposals,Over,18.5,PointsBet (AU),1.87,0.5,B_BET,20.455,0.6388754540815305,0.5,0.13887545408153046,0.19469709913246191,82.9,0.11755,Lean -> Positive -> Good -> High,0.98,PORTFOLIO_BET,18.5,1.87,19.5,1.87,,,0,0,1,FLAT_CLOSE,26,WIN,0.87,0.435
jack_sinclair_disposals_over_27_5_pointsbetau_2026_05_28T09_30_00Z,SETTLED,2026-05-27T13:05:02+00:00,2026-06-01T06:26:13+00:00,St Kilda Saints v Hawthorn Hawks,2026-05-28T09:30:00Z,Jack Sinclair,Disposals,Over,27.5,PointsBet (AU),1.87,0.5,B_BET,29.364,0.6326608921164389,0.5,0.13266089211643894,0.18307586825774091,82.3,0.10894,Lean -> Positive -> Good -> High,0.98,PORTFOLIO_BET,27.5,1.87,28.5,1.87,,,0,0,1,FLAT_CLOSE,33,WIN,0.87,0.435
liam_fawcett_goals_over_1_5_sportsbet_2026_05_30T03_15_44Z,SETTLED,2026-05-27T23:48:05+00:00,2026-05-30T08:19:22+00:00,Sydney Swans v Richmond Tigers,2026-05-30T03:15:44Z,Liam Fawcett,Goals,Over,1.5,SportsBet,4.2,0.5,A_BET,2.129,0.7703500028352094,0.23809523809523808,0.5322547647399714,2.2354700119078794,95.0,1.43193,Strong -> Dominant -> Mispriced -> Elite,1.0,PORTFOLIO_BET,1.5,4.2,1.5,4.2,,,0,0,0,FLAT_CLOSE,0,LOSS,-1,-0.5
shaun_mannagh_goals_over_1_5_sportsbet_2026_05_29T09_40_00Z,SETTLED,2026-05-27T23:48:05+00:00,2026-06-01T06:26:13+00:00,Carlton Blues v Geelong Cats,2026-05-29T09:40:00Z,Shaun Mannagh,Goals,Over,1.5,SportsBet,2.35,0.5,A_BET,2.114,0.7649612442344854,0.425531914893617,0.3394293293408684,0.7976589239510408,95.0,0.50826,Strong -> Dominant -> Mispriced -> Elite,1.0,PORTFOLIO_BET,1.5,2.35,2.5,8.0,,,-5.65,-30.053,1,MISSED_CLOSE,1,LOSS,-1,-0.5
dion_prestia_disposals_under_22_5_pointsbetau_2026_05_30T03_15_44Z,SETTLED,2026-05-27T23:48:05+00:00,2026-05-30T08:19:22+00:00,Sydney Swans v Richmond Tigers,2026-05-30T03:15:44Z,Dion Prestia,Disposals,Under,22.5,PointsBet (AU),1.87,1.0,A_BET,17.432,0.8215934188770833,0.5,0.32159341887708326,0.5363796933001457,93.5,0.4411,Strong -> Dominant -> Mispriced -> Elite,0.98,PORTFOLIO_BET,22.5,1.87,20.5,1.8,,,0.07,2.08,2,BEAT_CLOSE,20,WIN,0.87,0.87
archie_roberts_disposals_over_29_5_pointsbetau_2026_05_31T09_20_54Z,SETTLED,2026-05-27T23:48:05+00:00,2026-05-31T22:58:52+00:00,West Coast Eagles v Essendon Bombers,2026-05-31T09:20:54Z,Archie Roberts,Disposals,Over,29.5,PointsBet (AU),1.87,1.0,A_BET,33.667,0.775665647655873,0.5,0.275665647655873,0.45049476111648246,93.5,0.35483,Strong -> Dominant -> Mispriced -> Elite,0.98,PORTFOLIO_BET,29.5,1.87,28.5,1.95,,,-0.08,-2.194,-1,MISSED_CLOSE,31,WIN,0.87,0.87
sullivan_robey_disposals_under_20_5_pointsbetau_2026_05_31T09_20_54Z,SETTLED,2026-05-27T23:48:05+00:00,2026-05-31T22:58:52+00:00,West Coast Eagles v Essendon Bombers,2026-05-31T09:20:54Z,Sullivan Robey,Disposals,Under,20.5,PointsBet (AU),1.87,1.0,A_BET,16.728,0.7535861152838128,0.5,0.2535861152838128,0.4092060355807301,93.5,0.3154,Strong -> Dominant -> Mispriced -> Elite,0.98,PORTFOLIO_BET,20.5,1.87,20.5,1.87,,,0,0,0,FLAT_CLOSE,19,WIN,0.87,0.87
mason_redman_disposals_under_21_5_sportsbet_2026_05_31T09_20_54Z,SETTLED,2026-05-27T23:48:05+00:00,2026-05-31T22:58:52+00:00,West Coast Eagles v Essendon Bombers,2026-05-31T09:20:54Z,Mason Redman,Disposals,Under,21.5,SportsBet,1.87,1.0,A_BET,17.951,0.740624768374974,0.49865951742627346,0.24196525094870058,0.3849683168612015,93.5,0.29587,Strong -> Dominant -> Mispriced -> Elite,0.99,PORTFOLIO_BET,21.5,1.87,21.5,1.81,,,0.06,1.773,0,BEAT_CLOSE,,NO_STAT,0.0,0.0
kyle_langford_disposals_under_20_5_pointsbetau_2026_05_31T09_20_54Z,SETTLED,2026-05-27T23:48:05+00:00,2026-05-31T22:58:52+00:00,West Coast Eagles v Essendon Bombers,2026-05-31T09:20:54Z,Kyle Langford,Disposals,Under,20.5,PointsBet (AU),1.87,1.0,A_BET,17.148,0.7288884036141104,0.5,0.22888840361411045,0.3630213147583865,93.5,0.2729,Strong -> Dominant -> Mispriced -> Elite,0.98,PORTFOLIO_BET,20.5,1.87,18.5,1.87,,,0,0,2,FLAT_CLOSE,21,LOSS,-1,-1.0
tom_mccarthy_disposals_under_25_5_pointsbetau_2026_05_31T09_20_54Z,SETTLED,2026-05-27T23:48:05+00:00,2026-05-31T22:58:52+00:00,West Coast Eagles v Essendon Bombers,2026-05-31T09:20:54Z,Tom McCarthy,Disposals,Under,25.5,PointsBet (AU),1.87,1.0,A_BET,22.304,0.7194104073501594,0.5,0.21941040735015938,0.34529746174479814,95.0,0.26116,Strong -> Dominant -> Mispriced -> Elite,0.98,PORTFOLIO_BET,25.5,1.87,25.5,1.87,,,0,0,0,FLAT_CLOSE,26,LOSS,-1,-1.0
toby_greene_disposals_over_17_5_pointsbetau_2026_05_31T05_15_16Z,SETTLED,2026-05-27T23:48:05+00:00,2026-05-31T22:58:46+00:00,Melbourne Demons v Greater Western Sydney Giants,2026-05-31T05:15:16Z,Toby Greene,Disposals,Over,17.5,PointsBet (AU),1.87,1.0,A_BET,20.734,0.7217338535877025,0.5,0.22173385358770248,0.3496423062090037,93.5,0.2609,Strong -> Dominant -> Mispriced -> Elite,0.98,PORTFOLIO_BET,17.5,1.87,17.5,1.87,,,0,0,0,FLAT_CLOSE,16,LOSS,-1,-1.0
brent_daniels_goals_over_1_5_tab_2026_05_31T05_15_16Z,SETTLED,2026-05-27T23:48:05+00:00,2026-05-31T22:58:46+00:00,Melbourne Demons v Greater Western Sydney Giants,2026-05-31T05:15:16Z,Brent Daniels,Goals,Over,1.5,TAB,4.0,0.12,B_BET,1.565,0.5304776436857356,0.25,0.2804776436857356,1.1219105747429423,87.0,0.4975,Lean -> Dominant -> Mispriced -> High,1.0,PORTFOLIO_BET,1.5,4.0,1.5,3.8,,,0.2,1.316,0,BEAT_CLOSE,0,LOSS,-1,-0.12
jack_gunston_goals_over_1_5_ladbrokes_2026_05_28T09_30_00Z,SETTLED,2026-05-28T00:55:30+00:00,2026-05-30T08:10:16+00:00,St Kilda Saints v Hawthorn Hawks,2026-05-28T09:30:00Z,Jack Gunston,Goals,Over,1.5,Ladbrokes,1.22,0,A_BET,3.716,0.99,0.819672131147541,0.17032786885245899,0.20779999999999998,94.0,0.15897,,1.0,NOT_SELECTED,1.5,1.22,1.5,1.22,1.5,1.22,0,0,0,FLAT_CLOSE,5,WIN,0.22,0.22
jack_gunston_goals_over_2_5_ladbrokes_2026_05_28T09_30_00Z,SETTLED,2026-05-28T00:55:30+00:00,2026-05-30T08:10:16+00:00,St Kilda Saints v Hawthorn Hawks,2026-05-28T09:30:00Z,Jack Gunston,Goals,Over,2.5,Ladbrokes,1.72,0,A_BET,3.716,0.9237258694061219,0.5813953488372093,0.34233052056891256,0.5888084953785295,95.0,0.43218,,1.0,SUPPRESSED_GOAL_CAP,2.5,1.72,2.5,1.72,2.5,1.72,0,0,0,FLAT_CLOSE,5,WIN,0.72,0.72
jack_gunston_goals_over_3_5_tab_2026_05_28T09_30_00Z,SETTLED,2026-05-28T00:55:30+00:00,2026-05-30T08:10:16+00:00,St Kilda Saints v Hawthorn Hawks,2026-05-28T09:30:00Z,Jack Gunston,Goals,Over,3.5,TAB,2.8,0,B_BET,3.716,0.6002976648066609,0.35714285714285715,0.24315480766380376,0.6808334614586504,87.0,0.33124,,1.0,NOT_SELECTED,3.5,2.8,3.5,2.8,3.5,2.8,0,0,0,FLAT_CLOSE,5,WIN,1.8,1.8
nick_watson_goals_over_1_5_pointsbetau_2026_05_28T09_30_00Z,SETTLED,2026-05-28T00:55:30+00:00,2026-06-01T06:26:13+00:00,St Kilda Saints v Hawthorn Hawks,2026-05-28T09:30:00Z,Nick Watson,Goals,Over,1.5,PointsBet (AU),1.33,0,A_BET,2.515,0.8837840244419113,0.7518796992481203,0.13190432519379103,0.17543275250774215,90.2,0.10881,,0.92,NOT_SELECTED,1.5,1.33,0.5,1.05,1.5,1.33,0,0,0,FLAT_CLOSE,2,WIN,0.33,0.33
mabior_chol_tackles_over_1_5_pointsbetau_2026_05_28T09_30_00Z,SETTLED,2026-05-28T00:55:30+00:00,2026-05-30T08:10:16+00:00,St Kilda Saints v Hawthorn Hawks,2026-05-28T09:30:00Z,Mabior Chol,Tackles,Over,1.5,PointsBet (AU),1.87,0.8,A_BET,2.879,0.7443023639361459,0.53475935828877,0.20954300564737594,0.391845420560593,96.0,0.27732,Strong -> Dominant -> Mispriced -> Elite,1.0,PORTFOLIO_BET,1.5,1.87,1.5,1.87,1.5,1.87,0,0,0,FLAT_CLOSE,2,WIN,0.87,0.696
darcy_wilson_goals_over_0_5_sportsbet_2026_05_28T09_30_00Z,SETTLED,2026-05-28T00:55:30+00:00,2026-06-01T06:26:13+00:00,St Kilda Saints v Hawthorn Hawks,2026-05-28T09:30:00Z,Darcy Wilson,Goals,Over,0.5,SportsBet,1.56,0,A_BET,1.19,0.7915366711782525,0.641025641025641,0.15051103015261158,0.23479720703807394,92.1,0.14881,,1.0,NOT_SELECTED,0.5,1.56,2.5,10.0,0.5,1.58,-0.02,-0.811,0,MISSED_CLOSE,1,WIN,0.56,0.56
hugo_garcia_goals_over_0_5_pointsbetau_2026_05_28T09_30_00Z,SETTLED,2026-05-28T00:55:30+00:00,2026-06-01T06:26:13+00:00,St Kilda Saints v Hawthorn Hawks,2026-05-28T09:30:00Z,Hugo Garcia,Goals,Over,0.5,PointsBet (AU),2.55,0,B_BET,0.586,0.5402948126966545,0.3921568627450981,0.14813794995155638,0.37775177237646873,83.8,0.1505,,0.92,NOT_SELECTED,0.5,2.55,0.5,3.9,0.5,2.7,-0.15,-2.179,0,MISSED_CLOSE,0,LOSS,-1,-1.0
liam_henry_goals_over_0_5_sportsbet_2026_05_28T09_30_00Z,SETTLED,2026-05-28T00:55:30+00:00,2026-06-01T06:26:13+00:00,St Kilda Saints v Hawthorn Hawks,2026-05-28T09:30:00Z,Liam Henry,Goals,Over,0.5,SportsBet,1.36,0,A_BET,1.5,0.8802965606016053,0.7352941176470588,0.14500244295454656,0.19720332241818328,91.5,0.13447,,1.0,NOT_SELECTED,0.5,1.36,3.5,41.0,0.5,1.37,-0.01,-0.537,0,MISSED_CLOSE,0,LOSS,-1,-1.0
nick_watson_goals_over_0_5_pointsbetau_2026_05_28T09_30_00Z,SETTLED,2026-05-28T00:55:30+00:00,2026-06-01T06:26:13+00:00,St Kilda Saints v Hawthorn Hawks,2026-05-28T09:30:00Z,Nick Watson,Goals,Over,0.5,PointsBet (AU),1.07,0,A_BET,2.515,0.99,0.9345794392523364,0.05542056074766355,0.05930000000000013,82.5,0.03663,,0.92,NOT_SELECTED,0.5,1.07,0.5,1.05,0.5,1.07,0,0,0,FLAT_CLOSE,2,WIN,0.07,0.07
tom_de_koning_goals_over_0_5_pointsbetau_2026_05_28T09_30_00Z,SETTLED,2026-05-28T00:55:30+00:00,2026-06-01T06:26:13+00:00,St Kilda Saints v Hawthorn Hawks,2026-05-28T09:30:00Z,Tom De Koning,Goals,Over,0.5,PointsBet (AU),2.55,0,B_BET,0.586,0.5402948126966545,0.3921568627450981,0.14813794995155638,0.37775177237646873,83.8,0.1505,,0.92,NOT_SELECTED,0.5,2.55,0.5,2.0,0.5,2.6,-0.05,-0.754,0,MISSED_CLOSE,2,WIN,1.55,1.55
hugh_mccluggage_disposals_under_22_5_sportsbet_2026_05_30T06_15_19Z,SETTLED,2026-05-28T07:31:22+00:00,2026-05-31T22:58:41+00:00,Brisbane Lions v Fremantle Dockers,2026-05-30T06:15:19Z,Hugh McCluggage,Disposals,Under,22.5,SportsBet,1.88,1.0,A_BET,19.357,0.7161542180810923,0.4959785522788205,0.22017566580227177,0.3463699299924534,95.0,0.26375,,0.99,PORTFOLIO_BET,22.5,1.88,23.5,1.82,,,0.06,1.754,-1,BEAT_CLOSE,13,WIN,0.88,0.88
conor_nash_tackles_over_4_5_unibet_2026_05_28T09_30_00Z,SETTLED,2026-05-28T07:31:22+00:00,2026-05-30T08:10:16+00:00,St Kilda Saints v Hawthorn Hawks,2026-05-28T09:30:00Z,Conor Nash,Tackles,Over,4.5,Unibet,2.2,0,B_BET,5.068,0.606603034112091,0.45454545454545453,0.1520575795666365,0.3345266750466005,83.7,0.17706,,1.0,NOT_SELECTED,4.5,2.2,4.5,2.18,4.5,2.18,0.02,0.417,0,BEAT_CLOSE,DNP,PUSH,0.0,0.0
conor_nash_tackles_over_3_5_unibet_2026_05_28T09_30_00Z,SETTLED,2026-05-28T07:31:22+00:00,2026-05-30T08:10:16+00:00,St Kilda Saints v Hawthorn Hawks,2026-05-28T09:30:00Z,Conor Nash,Tackles,Over,3.5,Unibet,1.53,0,A_BET,5.068,0.7723676022594039,0.6535947712418301,0.11877283101757385,0.18172243145688793,89.9,0.12383,,1.0,SUPPRESSED_PORTFOLIO_CAP,3.5,1.53,3.5,1.51,3.5,1.51,0.02,0.866,0,BEAT_CLOSE,DNP,PUSH,0.0,0.0
james_sicily_disposals_under_22_5_ladbrokes_2026_05_28T09_30_00Z,SETTLED,2026-05-28T07:31:22+00:00,2026-05-30T08:10:16+00:00,St Kilda Saints v Hawthorn Hawks,2026-05-28T09:30:00Z,James Sicily,Disposals,Under,22.5,Ladbrokes,1.91,0,B_BET,20.541,0.6391477963747676,0.48930481283422456,0.14984298354054304,0.2207722910758061,87.0,0.14279,,1.0,NOT_SELECTED,22.5,1.91,22.5,1.91,22.5,1.91,0,0,0,FLAT_CLOSE,33,LOSS,-1,-1.0
max_hall_disposals_under_22_5_ladbrokes_2026_05_28T09_30_00Z,SETTLED,2026-05-28T07:31:22+00:00,2026-05-30T08:10:16+00:00,St Kilda Saints v Hawthorn Hawks,2026-05-28T09:30:00Z,Max Hall,Disposals,Under,22.5,Ladbrokes,1.77,0,B_BET,20.405,0.648364646721648,0.528,0.12036464672164793,0.14760542469731686,81.0,0.08984,,1.0,SUPPRESSED_PORTFOLIO_CAP,22.5,1.77,22.5,1.77,22.5,1.77,0,0,0,FLAT_CLOSE,26,LOSS,-1,-1.0
darcy_wilson_disposals_over_18_5_ladbrokes_2026_05_28T09_30_00Z,SETTLED,2026-05-28T07:31:22+00:00,2026-05-30T08:10:16+00:00,St Kilda Saints v Hawthorn Hawks,2026-05-28T09:30:00Z,Darcy Wilson,Disposals,Over,18.5,Ladbrokes,1.87,0,B_BET,20.717,0.6565593259441171,0.5,0.15655932594411714,0.22776593951549917,87.7,0.15152,,1.0,SUPPRESSED_PORTFOLIO_CAP,18.5,1.87,18.5,1.87,18.5,1.87,0,0,0,FLAT_CLOSE,25,WIN,0.87,0.87
bradley_hill_disposals_over_18_5_ladbrokes_2026_05_28T09_30_00Z,SETTLED,2026-05-28T07:31:22+00:00,2026-05-30T08:10:16+00:00,St Kilda Saints v Hawthorn Hawks,2026-05-28T09:30:00Z,Bradley Hill,Disposals,Over,18.5,Ladbrokes,1.87,1.0,A_BET,21.663,0.7173850920591135,0.5,0.2173850920591135,0.34151012215054233,96.5,0.26716,,1.0,PORTFOLIO_BET,18.5,1.87,18.5,1.87,18.5,1.87,0,0,0,FLAT_CLOSE,30,WIN,0.87,0.87
noah_roberts_thomson_goals_over_0_5_sportsbet_2026_05_30T03_15_44Z,SETTLED,2026-05-28T07:31:22+00:00,2026-05-30T08:19:22+00:00,Sydney Swans v Richmond Tigers,2026-05-30T03:15:44Z,Noah Roberts-Thomson,Goals,Over,0.5,SportsBet,2.45,0.5,A_BET,1.5,0.8802965606016053,0.4081632653061224,0.4721332952954829,1.1567265734739332,93.5,0.80599,,1.0,PORTFOLIO_BET,0.5,2.45,2.5,31.0,,,-28.55,-37.591,2,MISSED_CLOSE,1,WIN,1.45,0.725
liam_fawcett_goals_over_1_5_betr_2026_05_30T03_15_44Z,SETTLED,2026-05-28T07:31:22+00:00,2026-05-30T08:19:22+00:00,Sydney Swans v Richmond Tigers,2026-05-30T03:15:44Z,Liam Fawcett,Goals,Over,1.5,Betr,4.0,0.5,A_BET,2.129,0.7703500028352094,0.25,0.5203500028352094,2.0814000113408375,95.0,1.33324,,1.0,PORTFOLIO_BET,1.5,4.0,1.5,3.0,,,1,8.333,0,BEAT_CLOSE,0,LOSS,-1,-0.5
james_sicily_disposals_under_23_5_pointsbetau_2026_05_28T09_30_00Z,SETTLED,2026-05-28T07:37:19+00:00,2026-05-30T08:10:16+00:00,St Kilda Saints v Hawthorn Hawks,2026-05-28T09:30:00Z,James Sicily,Disposals,Under,23.5,PointsBet (AU),1.87,0,B_BET,20.541,0.7047114757040098,0.5,0.20471147570400983,0.31781045956649856,87.0,0.21675,,0.98,SUPPRESSED_PORTFOLIO_CAP,23.5,1.87,23.5,1.87,23.5,1.87,0,0,0,FLAT_CLOSE,33,LOSS,-1,-1.0
dylan_moore_goals_over_0_5_betr_2026_05_28T09_30_00Z,SETTLED,2026-05-28T07:44:39+00:00,2026-05-30T08:10:16+00:00,St Kilda Saints v Hawthorn Hawks,2026-05-28T09:30:00Z,Dylan Moore,Goals,Over,0.5,Betr,1.45,0,A_BET,1.111,0.7638751709145196,0.6896551724137931,0.07421999850072647,0.10761899782605333,84.4,0.06086,,1.0,SUPPRESSED_GOAL_CAP,0.5,1.45,0.5,1.45,0.5,1.45,0,0,0,FLAT_CLOSE,0,LOSS,-1,-1.0
josh_ward_disposals_over_20_5_sportsbet_2026_05_28T09_30_00Z,SETTLED,2026-05-28T07:49:53+00:00,2026-05-30T08:10:16+00:00,St Kilda Saints v Hawthorn Hawks,2026-05-28T09:30:00Z,Josh Ward,Disposals,Over,20.5,SportsBet,1.89,0,B_BET,21.882,0.5991983703238434,0.4932975871313674,0.10590078319247598,0.1324849199120639,82.6,0.07673,,0.99,SUPPRESSED_PORTFOLIO_CAP,20.5,1.89,20.5,1.88,20.5,1.88,0.01,0.281,0,BEAT_CLOSE,22,WIN,0.89,0.89
conor_nash_tackles_over_2_5_unibet_2026_05_28T09_30_00Z,SETTLED,2026-05-28T08:03:21+00:00,2026-05-30T08:10:16+00:00,St Kilda Saints v Hawthorn Hawks,2026-05-28T09:30:00Z,Conor Nash,Tackles,Over,2.5,Unibet,1.17,0,B_BET,5.068,0.8893081709456896,0.8547008547008548,0.03460731624483482,0.04049056000645668,80.0,0.02729,,1.0,NOT_SELECTED,2.5,1.17,2.5,1.17,2.5,1.17,0,0,0,FLAT_CLOSE,DNP,PUSH,0.0,0.0
jai_newcombe_disposals_over_23_5_sportsbet_2026_05_28T09_30_00Z,SETTLED,2026-05-28T08:03:21+00:00,2026-05-30T08:10:16+00:00,St Kilda Saints v Hawthorn Hawks,2026-05-28T09:30:00Z,Jai Newcombe,Disposals,Over,23.5,SportsBet,1.88,0,B_BET,25.317,0.629437392759225,0.4959785522788205,0.13345884048040446,0.18334229838734273,85.3,0.11379,,0.99,SUPPRESSED_PORTFOLIO_CAP,23.5,1.88,23.5,1.88,23.5,1.88,0,0,0,FLAT_CLOSE,25,WIN,0.88,0.88
max_hall_goals_over_0_5_sportsbet_2026_05_28T09_30_00Z,SETTLED,2026-05-28T08:05:34+00:00,2026-06-01T06:26:13+00:00,St Kilda Saints v Hawthorn Hawks,2026-05-28T09:30:00Z,Max Hall,Goals,Over,0.5,SportsBet,1.46,0,A_BET,1.325,0.834123316612032,0.684931506849315,0.14919180976271695,0.21782004225356677,91.9,0.14327,,1.0,SUPPRESSED_GOAL_CAP,0.5,1.46,3.5,41.0,0.5,1.47,-0.01,-0.466,0,MISSED_CLOSE,0,LOSS,-1,-1.0
cam_mackenzie_tackles_over_2_5_sportsbet_2026_05_28T09_30_00Z,SETTLED,2026-05-28T08:10:15+00:00,2026-06-01T06:26:13+00:00,St Kilda Saints v Hawthorn Hawks,2026-05-28T09:30:00Z,Cam Mackenzie,Tackles,Over,2.5,SportsBet,1.35,0,LEAN,4.002,0.762769033446028,0.7407407407407407,0.022028292705287278,0.029738195152137825,80.2,0.01791,,1.0,NOT_SELECTED,2.5,1.35,9.5,34.0,2.5,1.35,0,0,0,FLAT_CLOSE,6,WIN,0.35,0.35
connor_macdonald_disposals_over_17_5_ladbrokes_2026_05_28T09_30_00Z,SETTLED,2026-05-28T08:29:54+00:00,2026-05-30T08:10:16+00:00,St Kilda Saints v Hawthorn Hawks,2026-05-28T09:30:00Z,Connor Macdonald,Disposals,Over,17.5,Ladbrokes,1.9,0,B_BET,20.114,0.6827037022558067,0.49333333333333335,0.18937036892247333,0.29713703428603266,90.0,0.20888,,1.0,SUPPRESSED_PORTFOLIO_CAP,17.5,1.9,17.5,1.9,17.5,1.9,0,0,0,FLAT_CLOSE,26,WIN,0.9,0.9
hayden_mclean_goals_over_2_5_ladbrokes_2026_05_30T03_15_44Z,SETTLED,2026-05-28T08:29:54+00:00,2026-06-01T06:26:13+00:00,Sydney Swans v Richmond Tigers,2026-05-30T03:15:44Z,Hayden McLean,Goals,Over,2.5,Ladbrokes,14.0,0.5,A_BET,3.0,0.7218128147865466,0.07142857142857142,0.6503842433579752,9.105379407011652,92.0,5.37921,,1.0,PORTFOLIO_BET,2.5,14.0,4.5,29.0,,,-15,-3.695,2,MISSED_CLOSE,4,WIN,13.0,6.5
tom_mccarthy_disposals_under_25_5_sportsbet_2026_05_31T09_20_54Z,SETTLED,2026-05-28T08:29:54+00:00,2026-05-31T22:58:52+00:00,West Coast Eagles v Essendon Bombers,2026-05-31T09:20:54Z,Tom McCarthy,Disposals,Under,25.5,SportsBet,1.95,1.0,A_BET,22.304,0.7194104073501594,0.4786096256684492,0.24080078168171015,0.4028502943328107,95.0,0.3078,,0.99,PORTFOLIO_BET,25.5,1.95,24.5,1.9,,,0.05,1.35,1,BEAT_CLOSE,26,LOSS,-1,-1.0
matthew_johnson_disposals_under_19_5_pointsbetau_2026_05_30T06_15_19Z,SETTLED,2026-05-29T02:03:22+00:00,2026-05-31T22:58:41+00:00,Brisbane Lions v Fremantle Dockers,2026-05-30T06:15:19Z,Matthew Johnson,Disposals,Under,19.5,PointsBet (AU),1.77,1.0,A_BET,15.405,0.7717267235973087,0.5305039787798408,0.24122274481746786,0.3659563007672364,93.5,0.28714,,0.98,PORTFOLIO_BET,19.5,1.77,18.5,1.87,,,-0.1,-3.021,1,MISSED_CLOSE,20,LOSS,-1,-1.0
liam_fawcett_goals_over_1_5_tab_2026_05_30T03_15_44Z,SETTLED,2026-05-29T02:03:22+00:00,2026-05-30T08:19:22+00:00,Sydney Swans v Richmond Tigers,2026-05-30T03:15:44Z,Liam Fawcett,Goals,Over,1.5,TAB,4.0,0.5,A_BET,2.129,0.7703500028352094,0.25,0.5203500028352094,2.0814000113408375,95.0,1.33324,,1.0,PORTFOLIO_BET,1.5,4.0,1.5,3.0,,,1,8.333,0,BEAT_CLOSE,0,LOSS,-1,-0.5
hayden_mclean_goals_over_2_5_tab_2026_05_30T03_15_44Z,SETTLED,2026-05-29T02:03:22+00:00,2026-05-30T08:19:22+00:00,Sydney Swans v Richmond Tigers,2026-05-30T03:15:44Z,Hayden McLean,Goals,Over,2.5,TAB,4.5,0.5,A_BET,3.0,0.7218128147865466,0.2222222222222222,0.49959059256432437,2.2481576665394596,95.0,1.37146,,1.0,PORTFOLIO_BET,2.5,4.5,2.5,4.5,,,0,0,0,FLAT_CLOSE,4,WIN,3.5,1.75
matthew_johnson_disposals_under_18_5_pointsbetau_2026_05_30T06_15_19Z,SETTLED,2026-05-29T03:03:13+00:00,2026-05-31T22:58:41+00:00,Brisbane Lions v Fremantle Dockers,2026-05-30T06:15:19Z,Matthew Johnson,Disposals,Under,18.5,PointsBet (AU),1.95,1.0,A_BET,15.405,0.704672360187003,0.48,0.22467236018700298,0.3741111023646557,95.0,0.2786,,0.98,PORTFOLIO_BET,18.5,1.95,18.5,1.87,,,0.08,2.194,0,BEAT_CLOSE,20,LOSS,-1,-1.0
george_hewett_disposals_under_23_5_pointsbetau_2026_05_29T09_40_08Z,SETTLED,2026-05-29T03:54:06+00:00,2026-05-31T22:58:35+00:00,Carlton Blues v Geelong Cats,2026-05-29T09:40:08Z,George Hewett,Disposals,Under,23.5,PointsBet (AU),1.87,1.0,A_BET,20.266,0.7118641220846939,0.5,0.21186412208469385,0.3311859082983777,93.5,0.24459,,0.98,PORTFOLIO_BET,23.5,1.87,22.5,1.95,,,-0.08,-2.194,1,MISSED_CLOSE,22,WIN,0.87,0.87
dion_prestia_disposals_under_21_5_pointsbetau_2026_05_30T03_15_44Z,SETTLED,2026-05-29T05:01:09+00:00,2026-05-30T08:19:22+00:00,Sydney Swans v Richmond Tigers,2026-05-30T03:15:44Z,Dion Prestia,Disposals,Under,21.5,PointsBet (AU),1.87,1.0,A_BET,17.432,0.7388564354035136,0.5,0.23885643540351364,0.3816615342045706,93.5,0.28985,,0.98,PORTFOLIO_BET,21.5,1.87,20.5,1.8,,,0.07,2.08,1,BEAT_CLOSE,20,WIN,0.87,0.87
archie_roberts_disposals_over_28_5_pointsbetau_2026_05_31T09_20_54Z,SETTLED,2026-05-29T06:20:48+00:00,2026-05-31T22:58:52+00:00,West Coast Eagles v Essendon Bombers,2026-05-31T09:20:54Z,Archie Roberts,Disposals,Over,28.5,PointsBet (AU),2.0,1.0,A_BET,33.667,0.7992470767526306,0.4694960212201591,0.3297510555324715,0.5984941535052613,93.5,0.48211,,0.98,PORTFOLIO_BET,28.5,2.0,28.5,1.95,,,0.05,1.282,0,BEAT_CLOSE,31,WIN,1.0,1.0
hugh_mccluggage_disposals_under_23_5_sportsbet_2026_05_30T06_15_19Z,SETTLED,2026-05-29T07:52:25+00:00,2026-05-31T22:58:41+00:00,Brisbane Lions v Fremantle Dockers,2026-05-30T06:15:19Z,Hugh McCluggage,Disposals,Under,23.5,SportsBet,1.82,1.0,A_BET,19.357,0.7372670507765641,0.5120643431635389,0.2252027076130252,0.34182603241334664,93.5,0.26182,,0.99,PORTFOLIO_BET,23.5,1.82,23.5,1.82,,,0,0,0,FLAT_CLOSE,13,WIN,0.82,0.82
leek_aleer_tackles_over_3_5_pointsbetau_2026_05_31T05_15_16Z,SETTLED,2026-05-29T08:15:09+00:00,2026-05-31T22:58:46+00:00,Melbourne Demons v Greater Western Sydney Giants,2026-05-31T05:15:16Z,Leek Aleer,Tackles,Over,3.5,PointsBet (AU),2.9,0.8,A_BET,4.606,0.6313960274546822,0.3448275862068966,0.2865684412477856,0.8310484796185782,91.5,0.49552,,1.0,PORTFOLIO_BET,3.5,2.9,3.5,2.85,,,0.05,0.605,0,BEAT_CLOSE,2,LOSS,-1,-0.8
matthew_johnson_disposals_under_18_5_sportsbet_2026_05_30T06_15_19Z,SETTLED,2026-05-29T22:59:31+00:00,2026-05-31T22:58:41+00:00,Brisbane Lions v Fremantle Dockers,2026-05-30T06:15:19Z,Matthew Johnson,Disposals,Under,18.5,SportsBet,1.86,1.0,A_BET,15.405,0.704672360187003,0.5013404825737265,0.20333187761327642,0.3106905899478256,93.5,0.23004,,0.99,PORTFOLIO_BET,18.5,1.86,18.5,1.79,,,0.07,2.102,0,BEAT_CLOSE,20,LOSS,-1,-1.0
hugh_mccluggage_disposals_under_23_5_pointsbetau_2026_05_30T06_15_19Z,SETTLED,2026-05-30T00:28:36+00:00,2026-05-31T22:58:41+00:00,Brisbane Lions v Fremantle Dockers,2026-05-30T06:15:19Z,Hugh McCluggage,Disposals,Under,23.5,PointsBet (AU),1.87,1.0,A_BET,19.357,0.7372670507765641,0.5,0.23726705077656407,0.37868938495217486,93.5,0.28713,,0.98,PORTFOLIO_BET,23.5,1.87,23.5,1.87,,,0,0,0,FLAT_CLOSE,13,WIN,0.87,0.87
hayden_mclean_goals_over_2_5_sportsbet_2026_05_30T03_15_44Z,SETTLED,2026-05-30T00:28:36+00:00,2026-06-01T06:26:13+00:00,Sydney Swans v Richmond Tigers,2026-05-30T03:15:44Z,Hayden McLean,Goals,Over,2.5,SportsBet,4.25,0.5,A_BET,3.0,0.5768099188731565,0.23529411764705882,0.34151580122609765,1.451442155210915,95.0,0.74836,,1.0,PORTFOLIO_BET,2.5,4.25,5.5,71.0,,,-66.75,-22.121,3,MISSED_CLOSE,4,WIN,3.25,1.625
will_setterfield_goals_over_0_5_betright_2026_05_31T09_20_54Z,SETTLED,2026-05-30T00:28:36+00:00,2026-05-31T22:58:52+00:00,West Coast Eagles v Essendon Bombers,2026-05-31T09:20:54Z,Will Setterfield,Goals,Over,0.5,Bet Right,3.05,0.5,A_BET,1.0,0.6321205588285577,0.3278688524590164,0.30425170636954124,0.9279677044271009,90.5,0.4882,,1.0,PORTFOLIO_BET,0.5,3.05,0.5,3.15,,,-0.1,-1.041,0,MISSED_CLOSE,0,LOSS,-1,-0.5
toby_greene_disposals_over_17_5_sportsbet_2026_05_31T05_15_16Z,SETTLED,2026-05-30T01:14:46+00:00,2026-05-31T22:58:46+00:00,Melbourne Demons v Greater Western Sydney Giants,2026-05-31T05:15:16Z,Toby Greene,Disposals,Over,17.5,SportsBet,1.9,1.0,A_BET,20.734,0.7020309941639934,0.49061662198391415,0.21141437218007925,0.33385888891158744,95.0,0.25045,Strong -> Dominant -> Mispriced -> Elite,0.99,PORTFOLIO_BET,17.5,1.9,17.5,1.88,,,0.02,0.56,0,BEAT_CLOSE,16,LOSS,-1,-1.0
conor_stone_disposals_over_17_5_sportsbet_2026_05_31T05_15_16Z,SETTLED,2026-05-30T01:14:46+00:00,2026-05-31T22:58:46+00:00,Melbourne Demons v Greater Western Sydney Giants,2026-05-31T05:15:16Z,Conor Stone,Disposals,Over,17.5,SportsBet,1.94,1.0,A_BET,22.0,0.7698737828611205,0.48128342245989303,0.2885903604012275,0.49355513875057366,93.5,0.39051,,0.99,PORTFOLIO_BET,17.5,1.94,16.5,1.88,,,0.06,1.645,-1,BEAT_CLOSE,14,LOSS,-1,-1.0
paddy_cross_goals_over_0_5_pointsbetau_2026_05_31T05_15_16Z,SETTLED,2026-05-30T01:14:46+00:00,2026-05-31T22:58:46+00:00,Melbourne Demons v Greater Western Sydney Giants,2026-05-31T05:15:16Z,Paddy Cross,Goals,Over,0.5,PointsBet (AU),2.6,0.5,A_BET,1.0,0.6321205588285577,0.3846153846153846,0.24750517421317308,0.6435134529542499,95.0,0.32695,Strong -> Dominant -> Mispriced -> Elite,0.92,PORTFOLIO_BET,0.5,2.6,0.5,2.75,,,-0.15,-2.098,0,MISSED_CLOSE,0,LOSS,-1,-0.5
andy_moniz_wakefield_goals_over_0_5_betr_2026_05_31T05_15_16Z,SETTLED,2026-05-30T08:03:53+00:00,2026-05-31T22:58:46+00:00,Melbourne Demons v Greater Western Sydney Giants,2026-05-31T05:15:16Z,Andy Moniz-Wakefield,Goals,Over,0.5,Betr,2.45,0.5,A_BET,1.0,0.6321205588285577,0.4081632653061224,0.22395729352243526,0.5486953691299663,92.0,0.29345,,1.0,PORTFOLIO_BET,0.5,2.45,0.5,2.45,,,0,0,0,FLAT_CLOSE,0,LOSS,-1,-0.5
archie_roberts_disposals_over_29_5_sportsbet_2026_05_31T09_20_54Z,SETTLED,2026-05-30T23:12:08+00:00,2026-05-31T22:58:52+00:00,West Coast Eagles v Essendon Bombers,2026-05-31T09:20:54Z,Archie Roberts,Disposals,Over,29.5,SportsBet,1.88,1.0,A_BET,33.667,0.7506608673068791,0.4959785522788205,0.2546823150280586,0.41124243053693266,93.5,0.31927,,0.99,PORTFOLIO_BET,29.5,1.88,29.5,1.87,,,0.01,0.284,0,BEAT_CLOSE,31,WIN,0.88,0.88
tom_mccarthy_disposals_under_25_5_ladbrokes_2026_05_31T09_20_54Z,SETTLED,2026-05-30T23:12:08+00:00,2026-05-31T22:58:52+00:00,West Coast Eagles v Essendon Bombers,2026-05-31T09:20:54Z,Tom McCarthy,Disposals,Under,25.5,Ladbrokes,1.87,1.0,A_BET,22.304,0.71401874422507,0.5,0.21401874422506995,0.33521505170088095,96.5,0.26132,,1.0,PORTFOLIO_BET,25.5,1.87,25.5,1.87,,,0,0,0,FLAT_CLOSE,26,LOSS,-1,-1.0
will_setterfield_goals_over_0_5_betr_2026_05_31T09_20_54Z,SETTLED,2026-05-30T23:17:43+00:00,2026-05-31T22:58:52+00:00,West Coast Eagles v Essendon Bombers,2026-05-31T09:20:54Z,Will Setterfield,Goals,Over,0.5,Betr,3.1,0.5,A_BET,1.0,0.6321205588285577,0.3225806451612903,0.30953991366726735,0.9595737323685287,92.0,0.51319,,1.0,PORTFOLIO_BET,0.5,3.1,0.5,3.1,,,0,0,0,FLAT_CLOSE,0,LOSS,-1,-0.5
andy_moniz_wakefield_goals_over_0_5_betright_2026_05_31T05_15_16Z,SETTLED,2026-05-30T23:45:43+00:00,2026-05-31T22:58:46+00:00,Melbourne Demons v Greater Western Sydney Giants,2026-05-31T05:15:16Z,Andy Moniz-Wakefield,Goals,Over,0.5,Bet Right,2.55,0.5,A_BET,1.0,0.6321205588285577,0.3921568627450981,0.23996369608345958,0.611907425012822,92.0,0.32726,,1.0,PORTFOLIO_BET,0.5,2.55,0.5,2.55,,,0,0,0,FLAT_CLOSE,0,LOSS,-1,-0.5
conor_stone_disposals_over_16_5_sportsbet_2026_05_31T05_15_16Z,SETTLED,2026-05-31T00:50:45+00:00,2026-05-31T22:58:46+00:00,Melbourne Demons v Greater Western Sydney Giants,2026-05-31T05:15:16Z,Conor Stone,Disposals,Over,16.5,SportsBet,1.88,1.0,A_BET,22.0,0.81661152745456,0.4959785522788205,0.3206329751757395,0.5352296716145728,93.5,0.44262,,0.99,PORTFOLIO_BET,16.5,1.88,16.5,1.88,,,0,0,0,FLAT_CLOSE,14,LOSS,-1,-1.0
jordan_dawson_goals_over_0_5_sportsbet_2026_06_04T09_30_00Z,OPEN,2026-06-01T02:47:48+00:00,2026-06-01T06:26:13+00:00,Adelaide Crows v Geelong Cats,2026-06-04T09:30:00Z,Jordan Dawson,Goals,Over,0.5,SportsBet,1.91,0.75,A_BET,1.213,0.7026959718615269,0.5235602094240838,0.1791357624374431,0.3421493062555163,90.4,0.19466,,1.0,PORTFOLIO_BET,0.5,1.91,1.5,6.25,,,-4.34,-36.356,1,MISSED_CLOSE,,,,
shaun_mannagh_goals_over_1_5_sportsbet_2026_06_04T09_30_00Z,OPEN,2026-06-01T02:47:48+00:00,2026-06-01T06:26:13+00:00,Adelaide Crows v Geelong Cats,2026-06-04T09:30:00Z,Shaun Mannagh,Goals,Over,1.5,SportsBet,2.85,0.75,A_BET,2.027,0.6012529288388313,0.3508771929824561,0.2503757358563752,0.7135708471906692,90.5,0.36157,,1.0,PORTFOLIO_BET,1.5,2.85,1.5,2.95,,,-0.1,-1.189,0,MISSED_CLOSE,,,,
mitch_owens_goals_over_0_5_sportsbet_2026_06_07T05_15_00Z,TRACKED,2026-06-01T02:47:48+00:00,2026-06-01T06:26:13+00:00,Sydney Swans v St Kilda Saints,2026-06-07T05:15:00Z,Mitch Owens,Goals,Over,0.5,SportsBet,1.36,0,LEAN,1.701,0.8174990681599957,0.7352941176470588,0.08220495051293697,0.11179873269759422,80.7,0.0636,,1.0,NOT_SELECTED,0.5,1.36,0.5,1.38,,,-0.02,-1.066,0,MISSED_CLOSE,,,,
mitch_owens_goals_over_1_5_sportsbet_2026_06_07T05_15_00Z,TRACKED,2026-06-01T02:47:48+00:00,2026-06-01T06:26:13+00:00,Sydney Swans v St Kilda Saints,2026-06-07T05:15:00Z,Mitch Owens,Goals,Over,1.5,SportsBet,2.85,0,LEAN,1.701,0.5070649831001484,0.3508771929824561,0.15618779011769224,0.4451352018354229,80.1,0.17569,,1.0,NOT_SELECTED,1.5,2.85,1.5,2.85,,,0,0,0,FLAT_CLOSE,,,,
hayden_mclean_goals_over_2_5_sportsbet_2026_06_07T05_15_00Z,OPEN,2026-06-01T02:47:48+00:00,2026-06-01T06:26:13+00:00,Sydney Swans v St Kilda Saints,2026-06-07T05:15:00Z,Hayden McLean,Goals,Over,2.5,SportsBet,3.75,0.75,A_BET,3.5,0.6791528011378659,0.26666666666666666,0.41248613447119925,1.5468230042669973,90.5,0.85877,,1.0,PORTFOLIO_BET,2.5,3.75,5.5,71.0,,,-67.25,-25.258,3,MISSED_CLOSE,,,,
jordan_dawson_disposals_over_24_5_pointsbetau_2026_06_04T09_30_00Z,TRACKED,2026-06-01T06:26:13+00:00,2026-06-01T06:26:13+00:00,Adelaide Crows v Geelong Cats,2026-06-04T09:30:00Z,Jordan Dawson,Disposals,Over,24.5,PointsBet (AU),1.87,0,B_BET,26.269,0.6142010948170153,0.47910863509749296,0.13509245971952238,0.14855604730781868,82.5,0.08666,,0.98,NOT_SELECTED,24.5,1.87,24.5,1.87,,,0,0,0,FLAT_CLOSE,,,,
jordan_dawson_goals_over_0_5_betright_2026_06_04T09_30_00Z,OPEN,2026-06-01T06:26:13+00:00,2026-06-01T06:26:13+00:00,Adelaide Crows v Geelong Cats,2026-06-04T09:30:00Z,Jordan Dawson,Goals,Over,0.5,Bet Right,1.99,0.75,A_BET,1.213,0.7026959718615269,0.5025125628140703,0.20018340904745657,0.39836498400443854,93.5,0.23441,,1.0,PORTFOLIO_BET,0.5,1.99,0.5,1.99,,,0,0,0,FLAT_CLOSE,,,,
josh_rachele_goals_over_0_5_sportsbet_2026_06_04T09_30_00Z,TRACKED,2026-06-01T06:26:13+00:00,2026-06-01T06:26:13+00:00,Adelaide Crows v Geelong Cats,2026-06-04T09:30:00Z,Josh Rachele,Goals,Over,0.5,SportsBet,1.37,0,LEAN,1.646,0.8071803532949113,0.7299270072992701,0.07725334599564126,0.10583708401402858,83.2,0.06149,,1.0,NOT_SELECTED,0.5,1.37,0.5,1.37,,,0,0,0,FLAT_CLOSE,,,,
oliver_henry_goals_over_0_5_pointsbetau_2026_06_04T09_30_00Z,TRACKED,2026-06-01T06:26:13+00:00,2026-06-01T06:26:13+00:00,Adelaide Crows v Geelong Cats,2026-06-04T09:30:00Z,Oliver Henry,Goals,Over,0.5,PointsBet (AU),1.24,0,LEAN,1.941,0.8564396823440446,0.8064516129032259,0.04998806944081868,0.06198520610661529,80.5,0.03351,,0.92,NOT_SELECTED,0.5,1.24,0.5,1.24,,,0,0,0,FLAT_CLOSE,,,,
shaun_mannagh_goals_over_0_5_pointsbetau_2026_06_04T09_30_00Z,TRACKED,2026-06-01T06:26:13+00:00,2026-06-01T06:26:13+00:00,Adelaide Crows v Geelong Cats,2026-06-04T09:30:00Z,Shaun Mannagh,Goals,Over,0.5,PointsBet (AU),1.44,0,A_BET,2.027,0.8682698806867629,0.6944444444444444,0.1738254362423185,0.2503086281889386,92.9,0.15779,,0.92,NOT_SELECTED,0.5,1.44,0.5,1.44,,,0,0,0,FLAT_CLOSE,,,,
josh_rachele_goals_over_1_5_sportsbet_2026_06_04T09_30_00Z,TRACKED,2026-06-01T06:26:13+00:00,2026-06-01T06:26:13+00:00,Adelaide Crows v Geelong Cats,2026-06-04T09:30:00Z,Josh Rachele,Goals,Over,1.5,SportsBet,2.8,0,LEAN,1.646,0.48979921481833544,0.35714285714285715,0.1326563576754783,0.3714378014913391,82.3,0.14676,,1.0,NOT_SELECTED,1.5,2.8,1.5,2.8,,,0,0,0,FLAT_CLOSE,,,,
oliver_henry_goals_over_1_5_sportsbet_2026_06_04T09_30_00Z,TRACKED,2026-06-01T06:26:13+00:00,2026-06-01T06:26:13+00:00,Adelaide Crows v Geelong Cats,2026-06-04T09:30:00Z,Oliver Henry,Goals,Over,1.5,SportsBet,2.1,0,A_BET,1.941,0.5777891057738351,0.47619047619047616,0.10159862958335897,0.21335712212505387,87.2,0.1011,,1.0,SUPPRESSED_GOAL_CAP,1.5,2.1,1.5,2.1,,,0,0,0,FLAT_CLOSE,,,,
jeremy_cameron_goals_over_2_5_sportsbet_2026_06_04T09_30_00Z,TRACKED,2026-06-01T06:26:13+00:00,2026-06-01T06:26:13+00:00,Adelaide Crows v Geelong Cats,2026-06-04T09:30:00Z,Jeremy Cameron,Goals,Over,2.5,SportsBet,1.94,0,LEAN,2.996,0.5759131544640428,0.5154639175257733,0.060449236938269535,0.11727151966024296,83.0,0.05277,,1.0,NOT_SELECTED,2.5,1.94,2.5,1.94,,,0,0,0,FLAT_CLOSE,,,,
jake_soligo_disposals_under_20_5_pointsbetau_2026_06_04T09_30_00Z,OPEN,2026-06-01T06:26:13+00:00,2026-06-01T06:26:13+00:00,Adelaide Crows v Geelong Cats,2026-06-04T09:30:00Z,Jake Soligo,Disposals,Under,20.5,PointsBet (AU),1.7,1.0,A_BET,15.836,0.7862471540190541,0.5238095238095238,0.26243763020953026,0.33662016183239185,93.5,0.26784,,0.98,PORTFOLIO_BET,20.5,1.7,20.5,1.7,,,0,0,0,FLAT_CLOSE,,,,
logan_morris_goals_over_1_5_sportsbet_2026_06_06T07_15_00Z,TRACKED,2026-06-01T06:26:13+00:00,2026-06-01T06:26:13+00:00,Gold Coast Suns v Brisbane Lions,2026-06-06T07:15:00Z,Logan Morris,Goals,Over,1.5,SportsBet,1.61,0,LEAN,2.291,0.6670651753863986,0.6211180124223602,0.045947162964038446,0.07397493237210195,81.6,0.03654,,1.0,NOT_SELECTED,1.5,1.61,1.5,1.61,,,0,0,0,FLAT_CLOSE,,,,
kai_lohmann_goals_over_1_5_sportsbet_2026_06_06T07_15_00Z,TRACKED,2026-06-01T06:26:13+00:00,2026-06-01T06:26:13+00:00,Gold Coast Suns v Brisbane Lions,2026-06-06T07:15:00Z,Kai Lohmann,Goals,Over,1.5,SportsBet,2.18,0,LEAN,1.784,0.5323856015062718,0.4587155963302752,0.07367000517599659,0.16060061128367265,84.4,0.06927,,1.0,NOT_SELECTED,1.5,2.18,1.5,2.18,,,0,0,0,FLAT_CLOSE,,,,
jed_walter_goals_over_1_5_sportsbet_2026_06_06T07_15_00Z,TRACKED,2026-06-01T06:26:13+00:00,2026-06-01T06:26:13+00:00,Gold Coast Suns v Brisbane Lions,2026-06-06T07:15:00Z,Jed Walter,Goals,Over,1.5,SportsBet,2.12,0,A_BET,2.0,0.5939941502901619,0.4716981132075471,0.12229603708261477,0.25926759861514337,89.2,0.12831,,1.0,SUPPRESSED_GOAL_CAP,1.5,2.12,1.5,2.12,,,0,0,0,FLAT_CLOSE,,,,
ned_moyle_goals_over_0_5_sportsbet_2026_06_06T07_15_00Z,TRACKED,2026-06-01T06:26:13+00:00,2026-06-01T06:26:13+00:00,Gold Coast Suns v Brisbane Lions,2026-06-06T07:15:00Z,Ned Moyle,Goals,Over,0.5,SportsBet,2.1,0,A_BET,1.0,0.6321205588285577,0.47619047619047616,0.1559300826380815,0.32745317353997105,89.6,0.17056,,1.0,SUPPRESSED_GOAL_CAP,0.5,2.1,0.5,2.1,,,0,0,0,FLAT_CLOSE,,,,
will_mclachlan_goals_over_0_5_sportsbet_2026_06_06T07_15_00Z,TRACKED,2026-06-01T06:26:13+00:00,2026-06-01T06:26:13+00:00,Gold Coast Suns v Brisbane Lions,2026-06-06T07:15:00Z,Will McLachlan,Goals,Over,0.5,SportsBet,1.92,0,A_BET,1.0,0.6321205588285577,0.5208333333333334,0.1112872254952243,0.21367147295083067,85.1,0.1057,,1.0,SUPPRESSED_GOAL_CAP,0.5,1.92,0.5,1.92,,,0,0,0,FLAT_CLOSE,,,,
mitch_lewis_goals_over_1_5_sportsbet_2026_06_05T09_40_00Z,TRACKED,2026-06-01T06:26:13+00:00,2026-06-01T06:26:13+00:00,Hawthorn Hawks v Western Bulldogs,2026-06-05T09:40:00Z,Mitch Lewis,Goals,Over,1.5,SportsBet,1.99,0,LEAN,1.79,0.5341811266289564,0.5025125628140703,0.03166856381488614,0.06302044199162338,80.2,0.0259,,1.0,NOT_SELECTED,1.5,1.99,1.5,1.99,,,0,0,0,FLAT_CLOSE,,,,
jack_gunston_goals_over_2_5_neds_2026_06_05T09_40_00Z,TRACKED,2026-06-01T06:26:13+00:00,2026-06-01T06:26:13+00:00,Hawthorn Hawks v Western Bulldogs,2026-06-05T09:40:00Z,Jack Gunston,Goals,Over,2.5,Neds,1.45,0,LEAN,3.772,0.7265508058360407,0.6896551724137931,0.036895633422247553,0.053498668462258925,80.7,0.02786,,1.0,NOT_SELECTED,2.5,1.45,2.5,1.45,,,0,0,0,FLAT_CLOSE,,,,
james_sicily_disposals_under_23_5_sportsbet_2026_06_05T09_40_00Z,TRACKED,2026-06-01T06:26:13+00:00,2026-06-01T06:26:13+00:00,Hawthorn Hawks v Western Bulldogs,2026-06-05T09:40:00Z,James Sicily,Disposals,Under,23.5,SportsBet,1.9,0,B_BET,22.026,0.6042620712027076,0.49061662198391415,0.11364544921879344,0.14809793528514437,80.4,0.08402,,0.99,NOT_SELECTED,23.5,1.9,23.5,1.9,,,0,0,0,FLAT_CLOSE,,,,
ryley_sanders_disposals_over_25_5_pointsbetau_2026_06_05T09_40_00Z,TRACKED,2026-06-01T06:26:13+00:00,2026-06-01T06:26:13+00:00,Hawthorn Hawks v Western Bulldogs,2026-06-05T09:40:00Z,Ryley Sanders,Disposals,Over,25.5,PointsBet (AU),1.87,0,B_BET,27.223,0.6153064883787781,0.5,0.1153064883787781,0.15062313326831522,80.5,0.08586,,0.98,NOT_SELECTED,25.5,1.87,25.5,1.87,,,0,0,0,FLAT_CLOSE,,,,
arthur_jones_goals_over_0_5_pointsbetau_2026_06_05T09_40_00Z,TRACKED,2026-06-01T06:26:13+00:00,2026-06-01T06:26:13+00:00,Hawthorn Hawks v Western Bulldogs,2026-06-05T09:40:00Z,Arthur Jones,Goals,Over,0.5,PointsBet (AU),1.71,0,LEAN,1.132,0.6776121644545745,0.5847953216374269,0.09281684281714764,0.15871680121732235,84.8,0.07583,,0.92,NOT_SELECTED,0.5,1.71,0.5,1.71,,,0,0,0,FLAT_CLOSE,,,,
ed_richards_goals_over_0_5_betright_2026_06_05T09_40_00Z,TRACKED,2026-06-01T06:26:13+00:00,2026-06-01T06:26:13+00:00,Hawthorn Hawks v Western Bulldogs,2026-06-05T09:40:00Z,Ed Richards,Goals,Over,0.5,Bet Right,1.92,0,A_BET,1.075,0.6587022446990063,0.5208333333333334,0.13786891136567292,0.2647083098220919,89.3,0.14173,,1.0,SUPPRESSED_GOAL_CAP,0.5,1.92,0.5,1.92,,,0,0,0,FLAT_CLOSE,,,,
ed_richards_tackles_over_3_5_sportsbet_2026_06_05T09_40_00Z,OPEN,2026-06-01T06:26:13+00:00,2026-06-01T06:26:13+00:00,Hawthorn Hawks v Western Bulldogs,2026-06-05T09:40:00Z,Ed Richards,Tackles,Over,3.5,SportsBet,1.94,1.0,A_BET,4.544,0.6335301640638469,0.5154639175257733,0.11806624653807363,0.22904851828386286,85.3,0.12764,,1.0,PORTFOLIO_BET,3.5,1.94,3.5,1.94,,,0,0,0,FLAT_CLOSE,,,,
blake_hardwick_disposals_under_18_5_pointsbetau_2026_06_05T09_40_00Z,TRACKED,2026-06-01T06:26:13+00:00,2026-06-01T06:26:13+00:00,Hawthorn Hawks v Western Bulldogs,2026-06-05T09:40:00Z,Blake Hardwick,Disposals,Under,18.5,PointsBet (AU),1.87,0,B_BET,16.616,0.6257118465309699,0.5,0.1257118465309699,0.17008115301291382,80.1,0.09769,,0.98,NOT_SELECTED,18.5,1.87,18.5,1.87,,,0,0,0,FLAT_CLOSE,,,,
patrick_voss_goals_over_1_5_sportsbet_2026_06_06T04_15_00Z,TRACKED,2026-06-01T06:26:13+00:00,2026-06-01T06:26:13+00:00,North Melbourne Kangaroos v Fremantle Dockers,2026-06-06T04:15:00Z,Patrick Voss,Goals,Over,1.5,SportsBet,1.69,0,LEAN,2.185,0.6417584183110877,0.591715976331361,0.05004244197972674,0.08457172694573822,82.0,0.04077,,1.0,NOT_SELECTED,1.5,1.69,1.5,1.69,,,0,0,0,FLAT_CLOSE,,,,
nick_larkey_goals_over_1_5_ladbrokes_2026_06_06T04_15_00Z,TRACKED,2026-06-01T06:26:13+00:00,2026-06-01T06:26:13+00:00,North Melbourne Kangaroos v Fremantle Dockers,2026-06-06T04:15:00Z,Nick Larkey,Goals,Over,1.5,Ladbrokes,1.92,0,LEAN,1.987,0.5904639972564714,0.5208333333333334,0.06963066392313799,0.13369087473242502,84.0,0.06203,,1.0,NOT_SELECTED,1.5,1.92,1.5,1.92,,,0,0,0,FLAT_CLOSE,,,,
jack_darling_goals_over_1_5_ladbrokes_2026_06_06T04_15_00Z,TRACKED,2026-06-01T06:26:13+00:00,2026-06-01T06:26:13+00:00,North Melbourne Kangaroos v Fremantle Dockers,2026-06-06T04:15:00Z,Jack Darling,Goals,Over,1.5,Ladbrokes,3.4,0,LEAN,1.624,0.4827868095942036,0.29411764705882354,0.18866916253538007,0.6414751526202922,87.0,0.26505,,1.0,NOT_SELECTED,1.5,3.4,1.5,3.4,,,0,0,0,FLAT_CLOSE,,,,
jack_darling_goals_over_0_5_sportsbet_2026_06_06T04_15_00Z,TRACKED,2026-06-01T06:26:13+00:00,2026-06-01T06:26:13+00:00,North Melbourne Kangaroos v Fremantle Dockers,2026-06-06T04:15:00Z,Jack Darling,Goals,Over,0.5,SportsBet,1.48,0,A_BET,1.624,0.8028913146319374,0.6756756756756757,0.12721563895626176,0.18827914565526727,86.7,0.11353,,1.0,SUPPRESSED_GOAL_CAP,0.5,1.48,0.5,1.48,,,0,0,0,FLAT_CLOSE,,,,
zane_duursma_goals_over_0_5_sportsbet_2026_06_06T04_15_00Z,TRACKED,2026-06-01T06:26:13+00:00,2026-06-01T06:26:13+00:00,North Melbourne Kangaroos v Fremantle Dockers,2026-06-06T04:15:00Z,Zane Duursma,Goals,Over,0.5,SportsBet,1.53,0,LEAN,1.321,0.7331316998129759,0.6535947712418301,0.0795369285711458,0.12169150071385304,82.0,0.06483,,1.0,NOT_SELECTED,0.5,1.53,0.5,1.53,,,0,0,0,FLAT_CLOSE,,,,
jacob_konstanty_goals_over_0_5_sportsbet_2026_06_06T04_15_00Z,TRACKED,2026-06-01T06:26:13+00:00,2026-06-01T06:26:13+00:00,North Melbourne Kangaroos v Fremantle Dockers,2026-06-06T04:15:00Z,Jacob Konstanty,Goals,Over,0.5,SportsBet,2.03,0,LEAN,0.901,0.5855095835595802,0.4926108374384237,0.09289874612115645,0.18858445462594764,83.3,0.08622,,1.0,NOT_SELECTED,0.5,2.03,0.5,2.03,,,0,0,0,FLAT_CLOSE,,,,
hayden_mclean_goals_over_1_5_ladbrokes_2026_06_07T05_15_00Z,TRACKED,2026-06-01T06:26:13+00:00,2026-06-01T06:26:13+00:00,Sydney Swans v St Kilda Saints,2026-06-07T05:15:00Z,Hayden McLean,Goals,Over,1.5,Ladbrokes,1.96,0,A_BET,3.5,0.8641117745995668,0.5102040816326531,0.3539076929669137,0.6936590782151508,95.0,0.4843,,1.0,NOT_SELECTED,1.5,1.96,1.5,1.96,,,0,0,0,FLAT_CLOSE,,,,
hayden_mclean_goals_over_2_5_ladbrokes_2026_06_07T05_15_00Z,OPEN,2026-06-01T06:26:13+00:00,2026-06-01T06:26:13+00:00,Sydney Swans v St Kilda Saints,2026-06-07T05:15:00Z,Hayden McLean,Goals,Over,2.5,Ladbrokes,4.0,0.75,A_BET,3.5,0.6791528011378659,0.25,0.4291528011378659,1.7166112045514637,95.0,1.00043,,1.0,PORTFOLIO_BET,2.5,4.0,2.5,4.0,,,0,0,0,FLAT_CLOSE,,,,
isaac_heeney_disposals_over_24_5_pointsbetau_2026_06_07T05_15_00Z,OPEN,2026-06-01T06:26:13+00:00,2026-06-01T06:26:13+00:00,Sydney Swans v St Kilda Saints,2026-06-07T05:15:00Z,Isaac Heeney,Disposals,Over,24.5,PointsBet (AU),1.87,1.0,A_BET,28.101,0.7179023454219836,0.5,0.2179023454219836,0.3424773859391095,95.0,0.25862,,0.98,PORTFOLIO_BET,24.5,1.87,24.5,1.87,,,0,0,0,FLAT_CLOSE,,,,
hayden_mclean_goals_over_0_5_pointsbetau_2026_06_07T05_15_00Z,TRACKED,2026-06-01T06:26:13+00:00,2026-06-01T06:26:13+00:00,Sydney Swans v St Kilda Saints,2026-06-07T05:15:00Z,Hayden McLean,Goals,Over,0.5,PointsBet (AU),1.18,0,A_BET,3.5,0.9698026165776815,0.8474576271186441,0.12234498945903738,0.14436708756166405,87.7,0.09334,,0.92,NOT_SELECTED,0.5,1.18,0.5,1.18,,,0,0,0,FLAT_CLOSE,,,,
darcy_wilson_goals_over_0_5_pointsbetau_2026_06_07T05_15_00Z,TRACKED,2026-06-01T06:26:13+00:00,2026-06-01T06:26:13+00:00,Sydney Swans v St Kilda Saints,2026-06-07T05:15:00Z,Darcy Wilson,Goals,Over,0.5,PointsBet (AU),1.53,0,LEAN,1.266,0.7180428020829972,0.6535947712418301,0.06444803084116713,0.0986054871869857,81.9,0.04752,,0.92,NOT_SELECTED,0.5,1.53,0.5,1.53,,,0,0,0,FLAT_CLOSE,,,,
liam_henry_goals_over_0_5_sportsbet_2026_06_07T05_15_00Z,TRACKED,2026-06-01T06:26:13+00:00,2026-06-01T06:26:13+00:00,Sydney Swans v St Kilda Saints,2026-06-07T05:15:00Z,Liam Henry,Goals,Over,0.5,SportsBet,1.56,0,LEAN,1.2,0.6988057880877978,0.641025641025641,0.05778014706215684,0.09013702941696455,81.3,0.04593,,1.0,NOT_SELECTED,0.5,1.56,0.5,1.56,,,0,0,0,FLAT_CLOSE,,,,
liam_ryan_goals_over_0_5_pointsbetau_2026_06_07T05_15_00Z,TRACKED,2026-06-01T06:26:13+00:00,2026-06-01T06:26:13+00:00,Sydney Swans v St Kilda Saints,2026-06-07T05:15:00Z,Liam Ryan,Goals,Over,0.5,PointsBet (AU),1.56,0,A_BET,1.658,0.8094803614066708,0.641025641025641,0.16845472038102982,0.26278936379440654,92.3,0.15616,,0.92,SUPPRESSED_GOAL_CAP,0.5,1.56,0.5,1.56,,,0,0,0,FLAT_CLOSE,,,,
liam_ryan_goals_over_1_5_pointsbetau_2026_06_07T05_15_00Z,TRACKED,2026-06-01T06:26:13+00:00,2026-06-01T06:26:13+00:00,Sydney Swans v St Kilda Saints,2026-06-07T05:15:00Z,Liam Ryan,Goals,Over,1.5,PointsBet (AU),3.6,0,LEAN,1.658,0.4935988006189309,0.2777777777777778,0.21582102284115312,0.7769556822281514,85.5,0.29512,,0.92,NOT_SELECTED,1.5,3.6,1.5,3.6,,,0,0,0,FLAT_CLOSE,,,,
bailey_j_williams_goals_over_0_5_sportsbet_2026_06_06T10_15_57Z,TRACKED,2026-06-01T06:26:13+00:00,2026-06-01T06:26:13+00:00,West Coast Eagles v Port Adelaide Power,2026-06-06T10:15:57Z,Bailey J. Williams,Goals,Over,0.5,SportsBet,2.2,0,A_BET,0.914,0.5937588001052017,0.45454545454545453,0.13921334555974713,0.3062693602314437,86.4,0.14677,,1.0,SUPPRESSED_GOAL_CAP,0.5,2.2,0.5,2.2,,,0,0,0,FLAT_CLOSE,,,,
